{
    "Food & Dining": 0.18983632594290661,
    "Leisure": 0.15168521893319362,
    "Personal Care & Education": 0.04020787880893582,
    "Transportation": 0.19697067538567772,
    "Housing & Utilities": 0.11891563764642446,
    "Uncategorized": 0.30238421292521345,
    "Personal Care & Edication": 5.0357648284137705e-08
}